[
    {
      "_id": "61f8e24e69ae91511edb86ea",
      "index": 0,
      "guid": "777238a9-e5bf-4828-b5d5-16c5aaf2d9b7",
      "isActive": true,
      "balance": "$3,448.52",
      "picture": "http://placehold.it/32x32",
      "age": 20,
      "eyeColor": "brown",
      "name": "Patricia Mcintyre",
      "gender": "female",
      "company": "GLASSTEP",
      "email": "patriciamcintyre@glasstep.com",
      "phone": "+1 (806) 436-3182",
      "address": "124 Rose Street, Dunlo, Wisconsin, 6912",
      "about": "Incididunt ut voluptate incididunt Lorem nostrud culpa labore sit cupidatat magna exercitation. Do irure ut enim cillum aliquip fugiat velit minim aute nisi nisi sint do. In Lorem et tempor magna culpa incididunt voluptate aliqua aliqua culpa dolor et est laborum. Incididunt magna ex occaecat sunt nostrud est dolore. Ullamco cillum dolore magna fugiat exercitation mollit consectetur occaecat. Ipsum ea tempor aliqua do mollit in dolore veniam enim elit deserunt dolor do.\r\n",
      "registered": "2019-02-17T09:41:18 -06:-30",
      "latitude": 49.934157,
      "longitude": -42.879682,
      "tags": [
        "exercitation",
        "nostrud",
        "consequat",
        "deserunt",
        "in",
        "deserunt",
        "aliquip"
      ],
      "friends": [
        {
          "id": 0,
          "name": "Hamilton Vinson"
        },
        {
          "id": 1,
          "name": "Adams Munoz"
        },
        {
          "id": 2,
          "name": "Iva Rice"
        }
      ],
      "greeting": "Hello, Patricia Mcintyre! You have 5 unread messages.",
      "favoriteFruit": "banana"
    },
    {
      "_id": "61f8e24e911476e45ffc2d5f",
      "index": 1,
      "guid": "7e94ad71-1b72-47b2-8b45-11796a7a4e98",
      "isActive": true,
      "balance": "$2,875.83",
      "picture": "http://placehold.it/32x32",
      "age": 38,
      "eyeColor": "blue",
      "name": "Brandi Velasquez",
      "gender": "female",
      "company": "PURIA",
      "email": "brandivelasquez@puria.com",
      "phone": "+1 (812) 494-2102",
      "address": "431 Sharon Street, Gratton, Vermont, 5096",
      "about": "Amet cupidatat dolore magna nisi sint commodo irure aliqua tempor nostrud. Laboris aute cillum sint velit ut sunt incididunt. Qui consectetur cupidatat nostrud dolore fugiat sint.\r\n",
      "registered": "2016-11-21T04:18:39 -06:-30",
      "latitude": 89.306928,
      "longitude": 104.559178,
      "tags": [
        "occaecat",
        "officia",
        "anim",
        "ut",
        "Lorem",
        "ut",
        "occaecat"
      ],
      "friends": [
        {
          "id": 0,
          "name": "Evelyn Simon"
        },
        {
          "id": 1,
          "name": "Pam Garner"
        },
        {
          "id": 2,
          "name": "Jenkins Cameron"
        }
      ],
      "greeting": "Hello, Brandi Velasquez! You have 5 unread messages.",
      "favoriteFruit": "apple"
    },
    {
      "_id": "61f8e24e89bc14362b332cad",
      "index": 2,
      "guid": "f644a93d-b542-47a6-8059-609692702576",
      "isActive": false,
      "balance": "$2,093.11",
      "picture": "http://placehold.it/32x32",
      "age": 32,
      "eyeColor": "green",
      "name": "Burris Mcknight",
      "gender": "male",
      "company": "PATHWAYS",
      "email": "burrismcknight@pathways.com",
      "phone": "+1 (948) 580-2781",
      "address": "412 Navy Street, Kiskimere, Minnesota, 945",
      "about": "Non cupidatat enim est incididunt aute proident labore qui ipsum irure. Incididunt sint velit ullamco cupidatat ad mollit voluptate exercitation ad. Aute magna proident irure fugiat ullamco reprehenderit veniam ea nisi sunt aliqua tempor.\r\n",
      "registered": "2015-04-10T06:15:27 -06:-30",
      "latitude": 1.539528,
      "longitude": 20.080739,
      "tags": [
        "consequat",
        "proident",
        "exercitation",
        "excepteur",
        "anim",
        "ex",
        "culpa"
      ],
      "friends": [
        {
          "id": 0,
          "name": "Lupe Parks"
        },
        {
          "id": 1,
          "name": "Edna Mann"
        },
        {
          "id": 2,
          "name": "Osborne Wall"
        }
      ],
      "greeting": "Hello, Burris Mcknight! You have 1 unread messages.",
      "favoriteFruit": "banana"
    },
    {
      "_id": "61f8e24eda8db34d80eb09ca",
      "index": 3,
      "guid": "4c06d1eb-8fbe-4598-a7bb-72bfd6370150",
      "isActive": false,
      "balance": "$2,920.41",
      "picture": "http://placehold.it/32x32",
      "age": 34,
      "eyeColor": "blue",
      "name": "Briana Daugherty",
      "gender": "female",
      "company": "GROK",
      "email": "brianadaugherty@grok.com",
      "phone": "+1 (918) 578-3492",
      "address": "364 Elmwood Avenue, Norris, Oklahoma, 1698",
      "about": "Ea labore incididunt dolore et cillum dolore sunt voluptate duis minim velit enim. Culpa tempor duis cupidatat consequat amet. Aliqua in elit deserunt qui veniam incididunt duis sit et dolor officia voluptate eiusmod non. Cillum duis magna aliquip amet do.\r\n",
      "registered": "2018-05-10T07:23:54 -06:-30",
      "latitude": 34.768253,
      "longitude": -111.452737,
      "tags": [
        "in",
        "aute",
        "laboris",
        "quis",
        "magna",
        "Lorem",
        "tempor"
      ],
      "friends": [
        {
          "id": 0,
          "name": "Harvey Gallegos"
        },
        {
          "id": 1,
          "name": "Lessie Wilson"
        },
        {
          "id": 2,
          "name": "Rich Emerson"
        }
      ],
      "greeting": "Hello, Briana Daugherty! You have 10 unread messages.",
      "favoriteFruit": "apple"
    },
    {
      "_id": "61f8e24ed8b6ee7c7d9dfed8",
      "index": 4,
      "guid": "2cde6765-c31c-4436-babc-b73bbfeac6e5",
      "isActive": true,
      "balance": "$3,316.06",
      "picture": "http://placehold.it/32x32",
      "age": 22,
      "eyeColor": "blue",
      "name": "Carmella Shepard",
      "gender": "female",
      "company": "FLUM",
      "email": "carmellashepard@flum.com",
      "phone": "+1 (852) 449-3222",
      "address": "903 Melrose Street, Cowiche, Virgin Islands, 6508",
      "about": "Amet aliquip et dolor laboris est adipisicing sint mollit minim sunt mollit ad fugiat aliquip. Sit non nisi et incididunt adipisicing nulla in aute pariatur aute. Magna cupidatat in est eiusmod aute sit ut irure ad adipisicing esse nisi. Sit et reprehenderit minim fugiat quis veniam velit nostrud deserunt dolore. Magna sint excepteur cupidatat aliquip pariatur excepteur velit ut veniam officia aliquip proident consequat. Proident minim labore sunt non ut commodo sint irure quis magna.\r\n",
      "registered": "2016-06-29T01:24:11 -06:-30",
      "latitude": 85.726492,
      "longitude": -156.740715,
      "tags": [
        "et",
        "incididunt",
        "nulla",
        "duis",
        "id",
        "proident",
        "reprehenderit"
      ],
      "friends": [
        {
          "id": 0,
          "name": "Barry Washington"
        },
        {
          "id": 1,
          "name": "Chaney Mckay"
        },
        {
          "id": 2,
          "name": "Webb Simmons"
        }
      ],
      "greeting": "Hello, Carmella Shepard! You have 8 unread messages.",
      "favoriteFruit": "apple"
    },
    {
      "_id": "61f8e24eabcda77407c77607",
      "index": 5,
      "guid": "579c9ec7-41fc-4388-b9e0-770a042b3b13",
      "isActive": false,
      "balance": "$2,895.86",
      "picture": "http://placehold.it/32x32",
      "age": 38,
      "eyeColor": "brown",
      "name": "Dean Figueroa",
      "gender": "male",
      "company": "ZILLANET",
      "email": "deanfigueroa@zillanet.com",
      "phone": "+1 (997) 452-3990",
      "address": "910 Lenox Road, Richville, California, 2417",
      "about": "Dolore aute sunt deserunt cupidatat elit ea pariatur fugiat pariatur dolore ullamco mollit pariatur nostrud. Aute Lorem fugiat quis est id sint. Est velit est incididunt sit irure nisi.\r\n",
      "registered": "2016-05-13T07:38:43 -06:-30",
      "latitude": -87.280394,
      "longitude": -173.698943,
      "tags": [
        "proident",
        "quis",
        "cupidatat",
        "cillum",
        "est",
        "reprehenderit",
        "excepteur"
      ],
      "friends": [
        {
          "id": 0,
          "name": "Catalina Mayer"
        },
        {
          "id": 1,
          "name": "Irma Hardin"
        },
        {
          "id": 2,
          "name": "Mcintyre Bishop"
        }
      ],
      "greeting": "Hello, Dean Figueroa! You have 10 unread messages.",
      "favoriteFruit": "strawberry"
    },
    {
      "_id": "61f8e24ecc22d17dd39b6c39",
      "index": 6,
      "guid": "4543efe5-5a06-41ad-98fc-8d79b49ee44c",
      "isActive": true,
      "balance": "$2,898.38",
      "picture": "http://placehold.it/32x32",
      "age": 39,
      "eyeColor": "blue",
      "name": "Bryan Swanson",
      "gender": "male",
      "company": "MUSIX",
      "email": "bryanswanson@musix.com",
      "phone": "+1 (874) 571-3873",
      "address": "273 Lombardy Street, Soham, North Dakota, 938",
      "about": "Sit sunt cillum dolor non. Aliquip commodo enim do nisi mollit minim fugiat qui aliqua. Ut tempor pariatur labore cupidatat incididunt. Elit ipsum consequat reprehenderit velit ex eu ea incididunt cupidatat et. Aute dolor fugiat nisi ipsum sit officia veniam et officia eu tempor aliqua cupidatat elit. Non excepteur nulla quis occaecat ullamco deserunt exercitation magna ipsum quis sint laborum sunt culpa. Velit occaecat commodo aute ut nisi officia labore ipsum cillum dolore ad.\r\n",
      "registered": "2014-09-03T06:18:54 -06:-30",
      "latitude": 24.026235,
      "longitude": -33.921756,
      "tags": [
        "deserunt",
        "cupidatat",
        "ipsum",
        "cupidatat",
        "amet",
        "cillum",
        "laboris"
      ],
      "friends": [
        {
          "id": 0,
          "name": "Mcgee Riley"
        },
        {
          "id": 1,
          "name": "Adele Browning"
        },
        {
          "id": 2,
          "name": "Casey Phelps"
        }
      ],
      "greeting": "Hello, Bryan Swanson! You have 10 unread messages.",
      "favoriteFruit": "strawberry"
    }
  ]